userid,placeid,rating
1,1,5
1,2,4
1,3,3
1,4,0
1,5,0
1,6,0
1,7,0
1,8,1
1,9,0
1,10,2
1,11,0
1,12,0
1,13,0
1,14,0
1,15,0
1,16,0
1,17,0
1,18,0
2,1,0
2,2,0
2,3,0
2,4,5
2,5,4
2,6,2
2,7,0
2,8,0
2,9,0
2,10,0
2,11,0
2,12,0
2,13,3
2,14,1
2,15,0
2,16,0
2,17,0
2,18,0
3,1,0
3,2,0
3,3,0
3,4,0
3,5,0
3,6,0
3,7,0
3,8,0
3,9,0
3,10,3
3,11,0
3,12,5
3,13,0
3,14,0
3,15,0
3,16,2
3,17,1
3,18,4
4,1,0
4,2,0
4,3,0
4,4,5
4,5,4
4,6,3
4,7,1
4,8,2
4,9,0
4,10,0
4,11,0
4,12,0
4,13,0
4,14,0
4,15,0
4,16,0
4,17,0
4,18,0
5,1,0
5,2,0
5,3,0
5,4,2
5,5,4
5,6,0
5,7,0
5,8,0
5,9,0
5,10,0
5,11,0
5,12,5
5,13,1
5,14,0
5,15,0
5,16,3
5,17,0
5,18,0
6,1,0
6,2,1
6,3,4
6,4,3
6,5,0
6,6,0
6,7,0
6,8,5
6,9,0
6,10,0
6,11,0
6,12,0
6,13,2
6,14,0
6,15,0
6,16,0
6,17,0
6,18,0
7,1,5
7,2,2
7,3,4
7,4,0
7,5,0
7,6,0
7,7,0
7,8,0
7,9,0
7,10,0
7,11,0
7,12,3
7,13,0
7,14,1
7,15,0
7,16,0
7,17,0
7,18,0
8,1,0
8,2,0
8,3,0
8,4,0
8,5,0
8,6,0
8,7,0
8,8,5
8,9,4
8,10,0
8,11,0
8,12,0
8,13,0
8,14,0
8,15,0
8,16,3
8,17,1
8,18,2
9,1,1
9,2,4
9,3,5
9,4,0
9,5,0
9,6,3
9,7,0
9,8,4
9,9,0
9,10,0
9,11,0
9,12,0
9,13,0
9,14,0
9,15,0
9,16,0
9,17,0
9,18,0
10,1,0
10,2,0
10,3,0
10,4,0
10,5,0
10,6,0
10,7,0
10,8,0
10,9,5
10,10,3
10,11,4
10,12,0
10,13,0
10,14,0
10,15,0
10,16,2
10,17,1
10,18,0
11,1,0
11,2,0
11,3,0
11,4,5
11,5,0
11,6,3
11,7,0
11,8,4
11,9,0
11,10,0
11,11,0
11,12,2
11,13,0
11,14,0
11,15,1
11,16,0
11,17,0
11,18,0
12,1,5
12,2,4
12,3,0
12,4,0
12,5,0
12,6,0
12,7,0
12,8,0
12,9,1
12,10,0
12,11,2
12,12,3
12,13,0
12,14,0
12,15,0
12,16,0
12,17,0
12,18,0
13,1,0
13,2,0
13,3,0
13,4,4
13,5,0
13,6,0
13,7,0
13,8,1
13,9,0
13,10,0
13,11,0
13,12,5
13,13,0
13,14,0
13,15,2
13,16,3
13,17,0
13,18,0
14,1,5
14,2,4
14,3,0
14,4,0
14,5,0
14,6,3
14,7,1
14,8,0
14,9,0
14,10,0
14,11,0
14,12,2
14,13,0
14,14,0
14,15,0
14,16,0
14,17,0
14,18,0
15,1,0
15,2,0
15,3,0
15,4,5
15,5,0
15,6,0
15,7,3
15,8,0
15,9,4
15,10,0
15,11,0
15,12,1
15,13,0
15,14,0
15,15,0
15,16,2
15,17,0
15,18,0
16,1,0
16,2,0
16,3,5
16,4,0
16,5,0
16,6,0
16,7,3
16,8,0
16,9,0
16,10,0
16,11,2
16,12,0
16,13,1
16,14,0
16,15,0
16,16,0
16,17,4
16,18,0
17,1,0
17,2,0
17,3,0
17,4,5
17,5,0
17,6,3
17,7,2
17,8,0
17,9,0
17,10,0
17,11,0
17,12,4
17,13,0
17,14,0
17,15,1
17,16,0
17,17,0
17,18,0
18,1,5
18,2,0
18,3,0
18,4,0
18,5,0
18,6,0
18,7,0
18,8,0
18,9,4
18,10,0
18,11,1
18,12,2
18,13,0
18,14,0
18,15,0
18,16,3
18,17,0
18,18,0
19,1,1
19,2,0
19,3,0
19,4,5
19,5,0
19,6,3
19,7,0
19,8,0
19,9,0
19,10,0
19,11,0
19,12,4
19,13,0
19,14,0
19,15,2
19,16,0
19,17,0
19,18,0
20,1,0
20,2,0
20,3,0
20,4,4
20,5,2
20,6,3
20,7,0
20,8,0
20,9,0
20,10,0
20,11,0
20,12,0
20,13,0
20,14,1
20,15,0
20,16,5
20,17,0
20,18,0

21,1,4
21,2,0
21,3,1
21,4,5
21,5,0
21,6,0
21,7,0
21,8,0
21,9,0
21,10,0
21,11,0
21,12,0
21,13,0
21,14,0
21,15,0
21,16,0
21,17,3
21,18,2
22,1,4
22,2,0
22,3,1
22,4,5
22,5,0
22,6,0
22,7,0
22,8,0
22,9,0
22,10,0
22,11,0
22,12,0
22,13,0
22,14,0
22,15,0
22,16,0
22,17,3
22,18,2
23,1,4
23,2,0
23,3,1
23,4,5
23,5,0
23,6,0
23,7,0
23,8,0
23,9,0
23,10,0
23,11,0
23,12,0
23,13,0
23,14,0
23,15,0
23,16,0
23,17,3
23,18,2
24,1,4
24,2,0
24,3,1
24,4,5
24,5,0
24,6,0
24,7,0
24,8,0
24,9,0
24,10,0
24,11,0
24,12,0
24,13,0
24,14,0
24,15,0
24,16,0
24,17,3
24,18,2
25,1,4
25,2,0
25,3,1
25,4,5
25,5,0
25,6,0
25,7,0
25,8,0
25,9,0
25,10,0
25,11,0
25,12,0
25,13,0
25,14,0
25,15,0
25,16,0
25,17,3
25,18,2
26,1,4
26,2,0
26,3,1
26,4,5
26,5,0
26,6,0
26,7,0
26,8,0
26,9,0
26,10,0
26,11,0
26,12,0
26,13,0
26,14,0
26,15,0
26,16,0
26,17,3
26,18,2
27,1,4
27,2,0
27,3,1
27,4,5
27,5,0
27,6,0
27,7,0
27,8,0
27,9,0
27,10,0
27,11,0
27,12,0
27,13,0
27,14,0
27,15,0
27,16,0
27,17,3
27,18,2
28,1,4
28,2,0
28,3,1
28,4,5
28,5,0
28,6,0
28,7,0
28,8,0
28,9,0
28,10,0
28,11,0
28,12,0
28,13,0
28,14,0
28,15,0
28,16,0
28,17,3
28,18,2
29,1,4
29,2,0
29,3,1
29,4,5
29,5,0
29,6,0
29,7,0
29,8,0
29,9,0
29,10,0
29,11,0
29,12,0
29,13,0
29,14,0
29,15,0
29,16,0
29,17,3
29,18,2
30,1,4
30,2,0
30,3,1
30,4,5
30,5,0
30,6,0
30,7,0
30,8,0
30,9,0
30,10,0
30,11,0
30,12,0
30,13,0
30,14,0
30,15,0
30,16,0
30,17,3
30,18,2
31,1,4
31,2,0
31,3,1
31,4,5
31,5,0
31,6,0
31,7,0
31,8,0
31,9,0
31,10,0
31,11,0
31,12,0
31,13,0
31,14,0
31,15,0
31,16,0
31,17,3
31,18,2
32,1,4
32,2,0
32,3,1
32,4,5
32,5,0
32,6,0
32,7,0
32,8,0
32,9,0
32,10,0
32,11,0
32,12,0
32,13,0
32,14,0
32,15,0
32,16,0
32,17,3
32,18,2
33,1,4
33,2,0
33,3,1
33,4,5
33,5,0
33,6,0
33,7,0
33,8,0
33,9,0
33,10,0
33,11,0
33,12,0
33,13,0
33,14,0
33,15,0
33,16,0
33,17,3
33,18,2
34,1,4
34,2,0
34,3,1
34,4,5
34,5,0
34,6,0
34,7,0
34,8,0
34,9,0
34,10,0
34,11,0
34,12,0
34,13,0
34,14,0
34,15,0
34,16,0
34,17,3
34,18,2
35,1,4
35,2,0
35,3,1
35,4,5
35,5,0
35,6,0
35,7,0
35,8,0
35,9,0
35,10,0
35,11,0
35,12,0
35,13,0
35,14,0
35,15,0
35,16,0
35,17,3
35,18,2
36,1,4
36,2,0
36,3,1
36,4,5
36,5,0
36,6,0
36,7,0
36,8,0
36,9,0
36,10,0
36,11,0
36,12,0
36,13,0
36,14,0
36,15,0
36,16,0
36,17,3
36,18,2
37,1,4
37,2,0
37,3,1
37,4,5
37,5,0
37,6,0
37,7,0
37,8,0
37,9,0
37,10,0
37,11,0
37,12,0
37,13,0
37,14,0
37,15,0
37,16,0
37,17,3
37,18,2
38,1,4
38,2,0
38,3,1
38,4,5
38,5,0
38,6,0
38,7,0
38,8,0
38,9,0
38,10,0
38,11,0
38,12,0
38,13,0
38,14,0
38,15,0
38,16,0
38,17,3
38,18,2
39,1,4
39,2,0
39,3,1
39,4,5
39,5,0
39,6,0
39,7,0
39,8,0
39,9,0
39,10,0
39,11,0
39,12,0
39,13,0
39,14,0
39,15,0
39,16,0
39,17,3
39,18,2
40,1,4
40,2,0
40,3,1
40,4,5
40,5,0
40,6,0
40,7,0
40,8,0
40,9,0
40,10,0
40,11,0
40,12,0
40,13,0
40,14,0
40,15,0
40,16,0
40,17,3
40,18,2
41,1,4
41,2,0
41,3,1
41,4,5
41,5,0
41,6,0
41,7,0
41,8,0
41,9,0
41,10,0
41,11,0
41,12,0
41,13,0
41,14,0
41,15,0
41,16,0
41,17,3
41,18,2
42,1,4
42,2,0
42,3,1
42,4,5
42,5,0
42,6,0
42,7,0
42,8,0
42,9,0
42,10,0
42,11,0
42,12,0
42,13,0
42,14,0
42,15,0
42,16,0
42,17,3
42,18,2
43,1,4
43,2,0
43,3,1
43,4,5
43,5,0
43,6,0
43,7,0
43,8,0
43,9,0
43,10,0
43,11,0
43,12,0
43,13,0
43,14,0
43,15,0
43,16,0
43,17,3
43,18,2
44,1,4
44,2,0
44,3,1
44,4,5
44,5,0
44,6,0
44,7,0
44,8,0
44,9,0
44,10,0
44,11,0
44,12,0
44,13,0
44,14,0
44,15,0
44,16,0
44,17,3
44,18,2
45,1,4
45,2,0
45,3,1
45,4,5
45,5,0
45,6,0
45,7,0
45,8,0
45,9,0
45,10,0
45,11,0
45,12,0
45,13,0
45,14,0
45,15,0
45,16,0
45,17,3
45,18,2
46,1,4
46,2,0
46,3,1
46,4,5
46,5,0
46,6,0
46,7,0
46,8,0
46,9,0
46,10,0
46,11,0
46,12,0
46,13,0
46,14,0
46,15,0
46,16,0
46,17,3
46,18,2
47,1,4
47,2,0
47,3,1
47,4,5
47,5,0
47,6,0
47,7,0
47,8,0
47,9,0
47,10,0
47,11,0
47,12,0
47,13,0
47,14,0
47,15,0
47,16,0
47,17,3
47,18,2
48,1,4
48,2,0
48,3,1
48,4,5
48,5,0
48,6,0
48,7,0
48,8,0
48,9,0
48,10,0
48,11,0
48,12,0
48,13,0
48,14,0
48,15,0
48,16,0
48,17,3
48,18,2
49,1,4
49,2,0
49,3,1
49,4,5
49,5,0
49,6,0
49,7,0
49,8,0
49,9,0
49,10,0
49,11,0
49,12,0
49,13,0
49,14,0
49,15,0
49,16,0
49,17,3
49,18,2
50,1,4
50,2,0
50,3,1
50,4,5
50,5,0
50,6,0
50,7,0
50,8,0
50,9,0
50,10,0
50,11,0
50,12,0
50,13,0
50,14,0
50,15,0
50,16,0
50,17,3
50,18,2
51,1,4
51,2,0
51,3,1
51,4,5
51,5,0
51,6,0
51,7,0
51,8,0
51,9,0
51,10,0
51,11,0
51,12,0
51,13,0
51,14,0
51,15,0
51,16,0
51,17,3
51,18,2
52,1,4
52,2,0
52,3,1
52,4,5
52,5,0
52,6,0
52,7,0
52,8,0
52,9,0
52,10,0
52,11,0
52,12,0
52,13,0
52,14,0
52,15,0
52,16,0
52,17,3
52,18,2
53,1,4
53,2,0
53,3,1
53,4,5
53,5,0
53,6,0
53,7,0
53,8,0
53,9,0
53,10,0
53,11,0
53,12,0
53,13,0
53,14,0
53,15,0
53,16,0
53,17,3
53,18,2
54,1,4
54,2,0
54,3,1
54,4,5
54,5,0
54,6,0
54,7,0
54,8,0
54,9,0
54,10,0
54,11,0
54,12,0
54,13,0
54,14,0
54,15,0
54,16,0
54,17,3
54,18,2
55,1,4
55,2,0
55,3,1
55,4,5
55,5,0
55,6,0
55,7,0
55,8,0
55,9,0
55,10,0
55,11,0
55,12,0
55,13,0
55,14,0
55,15,0
55,16,0
55,17,3
55,18,2
56,1,4
56,2,0
56,3,1
56,4,5
56,5,0
56,6,0
56,7,0
56,8,0
56,9,0
56,10,0
56,11,0
56,12,0
56,13,0
56,14,0
56,15,0
56,16,0
56,17,3
56,18,2
57,1,4
57,2,0
57,3,1
57,4,5
57,5,0
57,6,0
57,7,0
57,8,0
57,9,0
57,10,0
57,11,0
57,12,0
57,13,0
57,14,0
57,15,0
57,16,0
57,17,3
57,18,2
58,1,4
58,2,0
58,3,1
58,4,5
58,5,0
58,6,0
58,7,0
58,8,0
58,9,0
58,10,0
58,11,0
58,12,0
58,13,0
58,14,0
58,15,0
58,16,0
58,17,3
58,18,2
59,1,4
59,2,0
59,3,1
59,4,5
59,5,0
59,6,0
59,7,0
59,8,0
59,9,0
59,10,0
59,11,0
59,12,0
59,13,0
59,14,0
59,15,0
59,16,0
59,17,3
59,18,2
60,1,4
60,2,0
60,3,1
60,4,5
60,5,0
60,6,0
60,7,0
60,8,0
60,9,0
60,10,0
60,11,0
60,12,0
60,13,0
60,14,0
60,15,0
60,16,0
60,17,3
60,18,2
61,1,4
61,2,0
61,3,1
61,4,5
61,5,0
61,6,0
61,7,0
61,8,0
61,9,0
61,10,0
61,11,0
61,12,0
61,13,0
61,14,0
61,15,0
61,16,0
61,17,3
61,18,2
62,1,4
62,2,0
62,3,1
62,4,5
62,5,0
62,6,0
62,7,0
62,8,0
62,9,0
62,10,0
62,11,0
62,12,0
62,13,0
62,14,0
62,15,0
62,16,0
62,17,3
62,18,2
63,1,4
63,2,0
63,3,1
63,4,5
63,5,0
63,6,0
63,7,0
63,8,0
63,9,0
63,10,0
63,11,0
63,12,0
63,13,0
63,14,0
63,15,0
63,16,0
63,17,3
63,18,2
64,1,4
64,2,0
64,3,1
64,4,5
64,5,0
64,6,0
64,7,0
64,8,0
64,9,0
64,10,0
64,11,0
64,12,0
64,13,0
64,14,0
64,15,0
64,16,0
64,17,3
64,18,2
65,1,4
65,2,0
65,3,1
65,4,5
65,5,0
65,6,0
65,7,0
65,8,0
65,9,0
65,10,0
65,11,0
65,12,0
65,13,0
65,14,0
65,15,0
65,16,0
65,17,3
65,18,2
66,1,4
66,2,0
66,3,1
66,4,5
66,5,0
66,6,0
66,7,0
66,8,0
66,9,0
66,10,0
66,11,0
66,12,0
66,13,0
66,14,0
66,15,0
66,16,0
66,17,3
66,18,2
67,1,4
67,2,0
67,3,1
67,4,5
67,5,0
67,6,0
67,7,0
67,8,0
67,9,0
67,10,0
67,11,0
67,12,0
67,13,0
67,14,0
67,15,0
67,16,0
67,17,3
67,18,2
68,1,4
68,2,0
68,3,1
68,4,5
68,5,0
68,6,0
68,7,0
68,8,0
68,9,0
68,10,0
68,11,0
68,12,0
68,13,0
68,14,0
68,15,0
68,16,0
68,17,3
68,18,2
69,1,4
69,2,0
69,3,1
69,4,5
69,5,0
69,6,0
69,7,0
69,8,0
69,9,0
69,10,0
69,11,0
69,12,0
69,13,0
69,14,0
69,15,0
69,16,0
69,17,3
69,18,2
70,1,4
70,2,0
70,3,1
70,4,5
70,5,0
70,6,0
70,7,0
70,8,0
70,9,0
70,10,0
70,11,0
70,12,0
70,13,0
70,14,0
70,15,0
70,16,0
70,17,3
70,18,2
71,1,4
71,2,0
71,3,1
71,4,5
71,5,0
71,6,0
71,7,0
71,8,0
71,9,0
71,10,0
71,11,0
71,12,0
71,13,0
71,14,0
71,15,0
71,16,0
71,17,3
71,18,2
72,1,4
72,2,0
72,3,1
72,4,5
72,5,0
72,6,0
72,7,0
72,8,0
72,9,0
72,10,0
72,11,0
72,12,0
72,13,0
72,14,0
72,15,0
72,16,0
72,17,3
72,18,2
73,1,4
73,2,0
73,3,1
73,4,5
73,5,0
73,6,0
73,7,0
73,8,0
73,9,0
73,10,0
73,11,0
73,12,0
73,13,0
73,14,0
73,15,0
73,16,0
73,17,3
73,18,2
74,1,4
74,2,0
74,3,1
74,4,5
74,5,0
74,6,0
74,7,0
74,8,0
74,9,0
74,10,0
74,11,0
74,12,0
74,13,0
74,14,0
74,15,0
74,16,0
74,17,3
74,18,2
75,1,4
75,2,0
75,3,1
75,4,5
75,5,0
75,6,0
75,7,0
75,8,0
75,9,0
75,10,0
75,11,0
75,12,0
75,13,0
75,14,0
75,15,0
75,16,0
75,17,3
75,18,2
76,1,4
76,2,0
76,3,1
76,4,5
76,5,0
76,6,0
76,7,0
76,8,0
76,9,0
76,10,0
76,11,0
76,12,0
76,13,0
76,14,0
76,15,0
76,16,0
76,17,3
76,18,2
77,1,4
77,2,0
77,3,1
77,4,5
77,5,0
77,6,0
77,7,0
77,8,0
77,9,0
77,10,0
77,11,0
77,12,0
77,13,0
77,14,0
77,15,0
77,16,0
77,17,3
77,18,2
78,1,4
78,2,0
78,3,1
78,4,5
78,5,0
78,6,0
78,7,0
78,8,0
78,9,0
78,10,0
78,11,0
78,12,0
78,13,0
78,14,0
78,15,0
78,16,0
78,17,3
78,18,2
79,1,4
79,2,0
79,3,1
79,4,5
79,5,0
79,6,0
79,7,0
79,8,0
79,9,0
79,10,0
79,11,0
79,12,0
79,13,0
79,14,0
79,15,0
79,16,0
79,17,3
79,18,2
80,1,4
80,2,0
80,3,1
80,4,5
80,5,0
80,6,0
80,7,0
80,8,0
80,9,0
80,10,0
80,11,0
80,12,0
80,13,0
80,14,0
80,15,0
80,16,0
80,17,3
80,18,2
81,1,4
81,2,0
81,3,1
81,4,5
81,5,0
81,6,0
81,7,0
81,8,0
81,9,0
81,10,0
81,11,0
81,12,0
81,13,0
81,14,0
81,15,0
81,16,0
81,17,3
81,18,2
82,1,4
82,2,0
82,3,1
82,4,5
82,5,0
82,6,0
82,7,0
82,8,0
82,9,0
82,10,0
82,11,0
82,12,0
82,13,0
82,14,0
82,15,0
82,16,0
82,17,3
82,18,2
83,1,4
83,2,0
83,3,1
83,4,5
83,5,0
83,6,0
83,7,0
83,8,0
83,9,0
83,10,0
83,11,0
83,12,0
83,13,0
83,14,0
83,15,0
83,16,0
83,17,3
83,18,2
84,1,4
84,2,0
84,3,1
84,4,5
84,5,0
84,6,0
84,7,0
84,8,0
84,9,0
84,10,0
84,11,0
84,12,0
84,13,0
84,14,0
84,15,0
84,16,0
84,17,3
84,18,2
85,1,4
85,2,0
85,3,1
85,4,5
85,5,0
85,6,0
85,7,0
85,8,0
85,9,0
85,10,0
85,11,0
85,12,0
85,13,0
85,14,0
85,15,0
85,16,0
85,17,3
85,18,2
86,1,4
86,2,0
86,3,1
86,4,5
86,5,0
86,6,0
86,7,0
86,8,0
86,9,0
86,10,0
86,11,0
86,12,0
86,13,0
86,14,0
86,15,0
86,16,0
86,17,3
86,18,2
87,1,4
87,2,0
87,3,1
87,4,5
87,5,0
87,6,0
87,7,0
87,8,0
87,9,0
87,10,0
87,11,0
87,12,0
87,13,0
87,14,0
87,15,0
87,16,0
87,17,3
87,18,2
88,1,4
88,2,0
88,3,1
88,4,5
88,5,0
88,6,0
88,7,0
88,8,0
88,9,0
88,10,0
88,11,0
88,12,0
88,13,0
88,14,0
88,15,0
88,16,0
88,17,3
88,18,2
89,1,4
89,2,0
89,3,1
89,4,5
89,5,0
89,6,0
89,7,0
89,8,0
89,9,0
89,10,0
89,11,0
89,12,0
89,13,0
89,14,0
89,15,0
89,16,0
89,17,3
89,18,2
90,1,4
90,2,0
90,3,1
90,4,5
90,5,0
90,6,0
90,7,0
90,8,0
90,9,0
90,10,0
90,11,0
90,12,0
90,13,0
90,14,0
90,15,0
90,16,0
90,17,3
90,18,2
91,1,4
91,2,0
91,3,1
91,4,5
91,5,0
91,6,0
91,7,0
91,8,0
91,9,0
91,10,0
91,11,0
91,12,0
91,13,0
91,14,0
91,15,0
91,16,0
91,17,3
91,18,2
92,1,4
92,2,0
92,3,1
92,4,5
92,5,0
92,6,0
92,7,0
92,8,0
92,9,0
92,10,0
92,11,0
92,12,0
92,13,0
92,14,0
92,15,0
92,16,0
92,17,3
92,18,2
92,1,4
92,2,0
92,3,1
92,4,5
92,5,0
92,6,0
92,7,0
92,8,0
92,9,0
92,10,0
92,11,0
92,12,0
92,13,0
92,14,0
92,15,0
92,16,0
92,17,3
92,18,2
93,1,4
93,2,0
93,3,1
93,4,5
93,5,0
93,6,0
93,7,0
93,8,0
93,9,0
93,10,0
93,11,0
93,12,0
93,13,0
93,14,0
93,15,0
93,16,0
93,17,3
93,18,2
93,1,4
93,2,0
93,3,1
93,4,5
93,5,0
93,6,0
93,7,0
93,8,0
93,9,0
93,10,0
93,11,0
93,12,0
93,13,0
93,14,0
93,15,0
93,16,0
93,17,3
93,18,2
94,1,4
94,2,0
94,3,1
94,4,5
94,5,0
94,6,0
94,7,0
94,8,0
94,9,0
94,10,0
94,11,0
94,12,0
94,13,0
94,14,0
94,15,0
94,16,0
94,17,3
94,18,2
95,1,4
95,2,0
95,3,1
95,4,5
95,5,0
95,6,0
95,7,0
95,8,0
95,9,0
95,10,0
95,11,0
95,12,0
95,13,0
95,14,0
95,15,0
95,16,0
95,17,3
95,18,2
96,1,4
96,2,0
96,3,1
96,4,5
96,5,0
96,6,0
96,7,0
96,8,0
96,9,0
96,10,0
96,11,0
96,12,0
96,13,0
96,14,0
96,15,0
96,16,0
96,17,3
96,18,2
97,1,4
97,2,0
97,3,1
97,4,5
97,5,0
97,6,0
97,7,0
97,8,0
97,9,0
97,10,0
97,11,0
97,12,0
97,13,0
97,14,0
97,15,0
97,16,0
97,17,3
97,18,2
98,1,4
98,2,0
98,3,1
98,4,5
98,5,0
98,6,0
98,7,0
98,8,0
98,9,0
98,10,0
98,11,0
98,12,0
98,13,0
98,14,0
98,15,0
98,16,0
98,17,3
98,18,2
99,1,4
99,2,0
99,3,1
99,4,5
99,5,0
99,6,0
99,7,0
99,8,0
99,9,0
99,10,0
99,11,0
99,12,0
99,13,0
99,14,0
99,15,0
99,16,0
99,17,3
99,18,2
100,1,4
100,2,0
100,3,1
100,4,5
100,5,0
100,6,0
100,7,0
100,8,0
100,9,0
100,10,0
100,11,0
100,12,0
100,13,0
100,14,0
100,15,0
100,16,0
100,17,3
100,18,2
101,1,4
101,2,0
101,3,1
101,4,5
101,5,0
101,6,0
101,7,0
101,8,0
101,9,0
101,10,0
101,11,0
101,12,0
101,13,0
101,14,0
101,15,0
101,16,0
101,17,3
101,18,2
102,1,4
102,2,0
102,3,1
102,4,5
102,5,0
102,6,0
102,7,0
102,8,0
102,9,0
102,10,0
102,11,0
102,12,0
102,13,0
102,14,0
102,15,0
102,16,0
102,17,3
102,18,2
103,1,4
103,2,0
103,3,1
103,4,5
103,5,0
103,6,0
103,7,0
103,8,0
103,9,0
103,10,0
103,11,0
103,12,0
103,13,0
103,14,0
103,15,0
103,16,0
103,17,3
103,18,2
104,1,4
104,2,0
104,3,1
104,4,5
104,5,0
104,6,0
104,7,0
104,8,0
104,9,0
104,10,0
104,11,0
104,12,0
104,13,0
104,14,0
104,15,0
104,16,0
104,17,3
104,18,2
105,1,4
105,2,0
105,3,1
105,4,5
105,5,0
105,6,0
105,7,0
105,8,0
105,9,0
105,10,0
105,11,0
105,12,0
105,13,0
105,14,0
105,15,0
105,16,0
105,17,3
105,18,2
106,1,4
106,2,0
106,3,1
106,4,5
106,5,0
106,6,0
106,7,0
106,8,0
106,9,0
106,10,0
106,11,0
106,12,0
106,13,0
106,14,0
106,15,0
106,16,0
106,17,3
106,18,2
107,1,4
107,2,0
107,3,1
107,4,5
107,5,0
107,6,0
107,7,0
107,8,0
107,9,0
107,10,0
107,11,0
107,12,0
107,13,0
107,14,0
107,15,0
107,16,0
107,17,3
107,18,2
108,1,4
108,2,0
108,3,1
108,4,5
108,5,0
108,6,0
108,7,0
108,8,0
108,9,0
108,10,0
108,11,0
108,12,0
108,13,0
108,14,0
108,15,0
108,16,0
108,17,3
108,18,2
109,1,4
109,2,0
109,3,1
109,4,5
109,5,0
109,6,0
109,7,0
109,8,0
109,9,0
109,10,0
109,11,0
109,12,0
109,13,0
109,14,0
109,15,0
109,16,0
109,17,3
109,18,2
110,1,4
110,2,0
110,3,1
110,4,5
110,5,0
110,6,0
110,7,0
110,8,0
110,9,0
110,10,0
110,11,0
110,12,0
110,13,0
110,14,0
110,15,0
110,16,0
110,17,3
110,18,2
111,1,4
111,2,0
111,3,1
111,4,5
111,5,0
111,6,0
111,7,0
111,8,0
111,9,0
111,10,0
111,11,0
111,12,0
111,13,0
111,14,0
111,15,0
111,16,0
111,17,3
111,18,2
112,1,4
112,2,0
112,3,1
112,4,5
112,5,0
112,6,0
112,7,0
112,8,0
112,9,0
112,10,0
112,11,0
112,12,0
112,13,0
112,14,0
112,15,0
112,16,0
112,17,3
112,18,2
113,1,4
113,2,0
113,3,1
113,4,5
113,5,0
113,6,0
113,7,0
113,8,0
113,9,0
113,10,0
113,11,0
113,12,0
113,13,0
113,14,0
113,15,0
113,16,0
113,17,3
113,18,2
114,1,4
114,2,0
114,3,1
114,4,5
114,5,0
114,6,0
114,7,0
114,8,0
114,9,0
114,10,0
114,11,0
114,12,0
114,13,0
114,14,0
114,15,0
114,16,0
114,17,3
114,18,2
115,1,4
115,2,0
115,3,1
115,4,5
115,5,0
115,6,0
115,7,0
115,8,0
115,9,0
115,10,0
115,11,0
115,12,0
115,13,0
115,14,0
115,15,0
115,16,0
115,17,3
115,18,2
116,1,4
116,2,0
116,3,1
116,4,5
116,5,0
116,6,0
116,7,0
116,8,0
116,9,0
116,10,0
116,11,0
116,12,0
116,13,0
116,14,0
116,15,0
116,16,0
116,17,3
116,18,2
117,1,4
117,2,0
117,3,1
117,4,5
117,5,0
117,6,0
117,7,0
117,8,0
117,9,0
117,10,0
117,11,0
117,12,0
117,13,0
117,14,0
117,15,0
117,16,0
117,17,3
117,18,2
118,1,4
118,2,0
118,3,1
118,4,5
118,5,0
118,6,0
118,7,0
118,8,0
118,9,0
118,10,0
118,11,0
118,12,0
118,13,0
118,14,0
118,15,0
118,16,0
118,17,3
118,18,2
119,1,4
119,2,0
119,3,1
119,4,5
119,5,0
119,6,0
119,7,0
119,8,0
119,9,0
119,10,0
119,11,0
119,12,0
119,13,0
119,14,0
119,15,0
119,16,0
119,17,3
119,18,2
120,1,4
120,2,0
120,3,1
120,4,5
120,5,0
120,6,0
120,7,0
120,8,0
120,9,0
120,10,0
120,11,0
120,12,0
120,13,0
120,14,0
120,15,0
120,16,0
120,17,3
120,18,2
121,1,4
121,2,0
121,3,1
121,4,5
121,5,0
121,6,0
121,7,0
121,8,0
121,9,0
121,10,0
121,11,0
121,12,0
121,13,0
121,14,0
121,15,0
121,16,0
121,17,3
121,18,2
122,1,4
122,2,0
122,3,1
122,4,5
122,5,0
122,6,0
122,7,0
122,8,0
122,9,0
122,10,0
122,11,0
122,12,0
122,13,0
122,14,0
122,15,0
122,16,0
122,17,3
122,18,2
123,1,4
123,2,0
123,3,1
123,4,5
123,5,0
123,6,0
123,7,0
123,8,0
123,9,0
123,10,0
123,11,0
123,12,0
123,13,0
123,14,0
123,15,0
123,16,0
123,17,3
123,18,2
124,1,4
124,2,0
124,3,1
124,4,5
124,5,0
124,6,0
124,7,0
124,8,0
124,9,0
124,10,0
124,11,0
124,12,0
124,13,0
124,14,0
124,15,0
124,16,0
124,17,3
124,18,2
125,1,4
125,2,0
125,3,1
125,4,5
125,5,0
125,6,0
125,7,0
125,8,0
125,9,0
125,10,0
125,11,0
125,12,0
125,13,0
125,14,0
125,15,0
125,16,0
125,17,3
125,18,2
126,1,4
126,2,0
126,3,1
126,4,5
126,5,0
126,6,0
126,7,0
126,8,0
126,9,0
126,10,0
126,11,0
126,12,0
126,13,0
126,14,0
126,15,0
126,16,0
126,17,3
126,18,2
127,1,4
127,2,0
127,3,1
127,4,5
127,5,0
127,6,0
127,7,0
127,8,0
127,9,0
127,10,0
127,11,0
127,12,0
127,13,0
127,14,0
127,15,0
127,16,0
127,17,3
127,18,2
128,1,4
128,2,0
128,3,1
128,4,5
128,5,0
128,6,0
128,7,0
128,8,0
128,9,0
128,10,0
128,11,0
128,12,0
128,13,0
128,14,0
128,15,0
128,16,0
128,17,3
128,18,2
129,1,4
129,2,0
129,3,1
129,4,5
129,5,0
129,6,0
129,7,0
129,8,0
129,9,0
129,10,0
129,11,0
129,12,0
129,13,0
129,14,0
129,15,0
129,16,0
129,17,3
129,18,2
130,1,4
130,2,0
130,3,1
130,4,5
130,5,0
130,6,0
130,7,0
130,8,0
130,9,0
130,10,0
130,11,0
130,12,0
130,13,0
130,14,0
130,15,0
130,16,0
130,17,3
130,18,2
131,1,4
131,2,0
131,3,1
131,4,5
131,5,0
131,6,0
131,7,0
131,8,0
131,9,0
131,10,0
131,11,0
131,12,0
131,13,0
131,14,0
131,15,0
131,16,0
131,17,3
131,18,2
132,1,4
132,2,0
132,3,1
132,4,5
132,5,0
132,6,0
132,7,0
132,8,0
132,9,0
132,10,0
132,11,0
132,12,0
132,13,0
132,14,0
132,15,0
132,16,0
132,17,3
132,18,2
133,1,4
133,2,0
133,3,1
133,4,5
133,5,0
133,6,0
133,7,0
133,8,0
133,9,0
133,10,0
133,11,0
133,12,0
133,13,0
133,14,0
133,15,0
133,16,0
133,17,3
133,18,2
134,1,4
134,2,0
134,3,1
134,4,5
134,5,0
134,6,0
134,7,0
134,8,0
134,9,0
134,10,0
134,11,0
134,12,0
134,13,0
134,14,0
134,15,0
134,16,0
134,17,3
134,18,2
135,1,4
135,2,0
135,3,1
135,4,5
135,5,0
135,6,0
135,7,0
135,8,0
135,9,0
135,10,0
135,11,0
135,12,0
135,13,0
135,14,0
135,15,0
135,16,0
135,17,3
135,18,2
136,1,4
136,2,0
136,3,1
136,4,5
136,5,0
136,6,0
136,7,0
136,8,0
136,9,0
136,10,0
136,11,0
136,12,0
136,13,0
136,14,0
136,15,0
136,16,0
136,17,3
136,18,2
137,1,4
137,2,0
137,3,1
137,4,5
137,5,0
137,6,0
137,7,0
137,8,0
137,9,0
137,10,0
137,11,0
137,12,0
137,13,0
137,14,0
137,15,0
137,16,0
137,17,3
137,18,2
138,1,4
138,2,0
138,3,1
138,4,5
138,5,0
138,6,0
138,7,0
138,8,0
138,9,0
138,10,0
138,11,0
138,12,0
138,13,0
138,14,0
138,15,0
138,16,0
138,17,3
138,18,2
139,1,4
139,2,0
139,3,1
139,4,5
139,5,0
139,6,0
139,7,0
139,8,0
139,9,0
139,10,0
139,11,0
139,12,0
139,13,0
139,14,0
139,15,0
139,16,0
139,17,3
139,18,2
140,1,4
140,2,0
140,3,1
140,4,5
140,5,0
140,6,0
140,7,0
140,8,0
140,9,0
140,10,0
140,11,0
140,12,0
140,13,0
140,14,0
140,15,0
140,16,0
140,17,3
140,18,2
141,1,4
141,2,0
141,3,1
141,4,5
141,5,0
141,6,0
141,7,0
141,8,0
141,9,0
141,10,0
141,11,0
141,12,0
141,13,0
141,14,0
141,15,0
141,16,0
141,17,3
141,18,2
142,1,4
142,2,0
142,3,1
142,4,5
142,5,0
142,6,0
142,7,0
142,8,0
142,9,0
142,10,0
142,11,0
142,12,0
142,13,0
142,14,0
142,15,0
142,16,0
142,17,3
142,18,2
143,1,4
143,2,0
143,3,1
143,4,5
143,5,0
143,6,0
143,7,0
143,8,0
143,9,0
143,10,0
143,11,0
143,12,0
143,13,0
143,14,0
143,15,0
143,16,0
143,17,3
143,18,2
144,1,4
144,2,0
144,3,1
144,4,5
144,5,0
144,6,0
144,7,0
144,8,0
144,9,0
144,10,0
144,11,0
144,12,0
144,13,0
144,14,0
144,15,0
144,16,0
144,17,3
144,18,2
145,1,4
145,2,0
145,3,1
145,4,5
145,5,0
145,6,0
145,7,0
145,8,0
145,9,0
145,10,0
145,11,0
145,12,0
145,13,0
145,14,0
145,15,0
145,16,0
145,17,3
145,18,2
146,1,4
146,2,0
146,3,1
146,4,5
146,5,0
146,6,0
146,7,0
146,8,0
146,9,0
146,10,0
146,11,0
146,12,0
146,13,0
146,14,0
146,15,0
146,16,0
146,17,3
146,18,2
147,1,4
147,2,0
147,3,1
147,4,5
147,5,0
147,6,0
147,7,0
147,8,0
147,9,0
147,10,0
147,11,0
147,12,0
147,13,0
147,14,0
147,15,0
147,16,0
147,17,3
147,18,2
148,1,4
148,2,0
148,3,1
148,4,5
148,5,0
148,6,0
148,7,0
148,8,0
148,9,0
148,10,0
148,11,0
148,12,0
148,13,0
148,14,0
148,15,0
148,16,0
148,17,3
148,18,2
149,1,4
149,2,0
149,3,1
149,4,5
149,5,0
149,6,0
149,7,0
149,8,0
149,9,0
149,10,0
149,11,0
149,12,0
149,13,0
149,14,0
149,15,0
149,16,0
149,17,3
149,18,2
150,1,4
150,2,0
150,3,1
150,4,5
150,5,0
150,6,0
150,7,0
150,8,0
150,9,0
150,10,0
150,11,0
150,12,0
150,13,0
150,14,0
150,15,0
150,16,0
150,17,3
150,18,2
151,1,4
151,2,0
151,3,1
151,4,5
151,5,0
151,6,0
151,7,0
151,8,0
151,9,0
151,10,0
151,11,0
151,12,0
151,13,0
151,14,0
151,15,0
151,16,0
151,17,3
151,18,2
152,1,4
152,2,0
152,3,1
152,4,5
152,5,0
152,6,0
152,7,0
152,8,0
152,9,0
152,10,0
152,11,0
152,12,0
152,13,0
152,14,0
152,15,0
152,16,0
152,17,3
152,18,2
153,1,4
153,2,0
153,3,1
153,4,5
153,5,0
153,6,0
153,7,0
153,8,0
153,9,0
153,10,0
153,11,0
153,12,0
153,13,0
153,14,0
153,15,0
153,16,0
153,17,3
153,18,2
154,1,4
154,2,0
154,3,1
154,4,5
154,5,0
154,6,0
154,7,0
154,8,0
154,9,0
154,10,0
154,11,0
154,12,0
154,13,0
154,14,0
154,15,0
154,16,0
154,17,3
154,18,2
155,1,4
155,2,0
155,3,1
155,4,5
155,5,0
155,6,0
155,7,0
155,8,0
155,9,0
155,10,0
155,11,0
155,12,0
155,13,0
155,14,0
155,15,0
155,16,0
155,17,3
155,18,2
156,1,4
156,2,0
156,3,1
156,4,5
156,5,0
156,6,0
156,7,0
156,8,0
156,9,0
156,10,0
156,11,0
156,12,0
156,13,0
156,14,0
156,15,0
156,16,0
156,17,3
156,18,2
157,1,4
157,2,0
157,3,1
157,4,5
157,5,0
157,6,0
157,7,0
157,8,0
157,9,0
157,10,0
157,11,0
157,12,0
157,13,0
157,14,0
157,15,0
157,16,0
157,17,3
157,18,2
158,1,4
158,2,0
158,3,1
158,4,5
158,5,0
158,6,0
158,7,0
158,8,0
158,9,0
158,10,0
158,11,0
158,12,0
158,13,0
158,14,0
158,15,0
158,16,0
158,17,3
158,18,2
159,1,4
159,2,0
159,3,1
159,4,5
159,5,0
159,6,0
159,7,0
159,8,0
159,9,0
159,10,0
159,11,0
159,12,0
159,13,0
159,14,0
159,15,0
159,16,0
159,17,3
159,18,2
160,1,4
160,2,0
160,3,1
160,4,5
160,5,0
160,6,0
160,7,0
160,8,0
160,9,0
160,10,0
160,11,0
160,12,0
160,13,0
160,14,0
160,15,0
160,16,0
160,17,3
160,18,2
161,1,4
161,2,0
161,3,1
161,4,5
161,5,0
161,6,0
161,7,0
161,8,0
161,9,0
161,10,0
161,11,0
161,12,0
161,13,0
161,14,0
161,15,0
161,16,0
161,17,3
161,18,2
162,1,4
162,2,0
162,3,1
162,4,5
162,5,0
162,6,0
162,7,0
162,8,0
162,9,0
162,10,0
162,11,0
162,12,0
162,13,0
162,14,0
162,15,0
162,16,0
162,17,3
162,18,2
163,1,4
163,2,0
163,3,1
163,4,5
163,5,0
163,6,0
163,7,0
163,8,0
163,9,0
163,10,0
163,11,0
163,12,0
163,13,0
163,14,0
163,15,0
163,16,0
163,17,3
163,18,2
164,1,4
164,2,0
164,3,1
164,4,5
164,5,0
164,6,0
164,7,0
164,8,0
164,9,0
164,10,0
164,11,0
164,12,0
164,13,0
164,14,0
164,15,0
164,16,0
164,17,3
164,18,2
165,1,4
165,2,0
165,3,1
165,4,5
165,5,0
165,6,0
165,7,0
165,8,0
165,9,0
165,10,0
165,11,0
165,12,0
165,13,0
165,14,0
165,15,0
165,16,0
165,17,3
165,18,2
166,1,4
166,2,0
166,3,1
166,4,5
166,5,0
166,6,0
166,7,0
166,8,0
166,9,0
166,10,0
166,11,0
166,12,0
166,13,0
166,14,0
166,15,0
166,16,0
166,17,3
166,18,2
167,1,4
167,2,0
167,3,1
167,4,5
167,5,0
167,6,0
167,7,0
167,8,0
167,9,0
167,10,0
167,11,0
167,12,0
167,13,0
167,14,0
167,15,0
167,16,0
167,17,3
167,18,2
168,1,4
168,2,0
168,3,1
168,4,5
168,5,0
168,6,0
168,7,0
168,8,0
168,9,0
168,10,0
168,11,0
168,12,0
168,13,0
168,14,0
168,15,0
168,16,0
168,17,3
168,18,2
169,1,4
169,2,0
169,3,1
169,4,5
169,5,0
169,6,0
169,7,0
169,8,0
169,9,0
169,10,0
169,11,0
169,12,0
169,13,0
169,14,0
169,15,0
169,16,0
169,17,3
169,18,2
170,1,4
170,2,0
170,3,1
170,4,5
170,5,0
170,6,0
170,7,0
170,8,0
170,9,0
170,10,0
170,11,0
170,12,0
170,13,0
170,14,0
170,15,0
170,16,0
170,17,3
170,18,2
171,1,4
171,2,0
171,3,1
171,4,5
171,5,0
171,6,0
171,7,0
171,8,0
171,9,0
171,10,0
171,11,0
171,12,0
171,13,0
171,14,0
171,15,0
171,16,0
171,17,3
171,18,2
